Text	Classificacao
RT @djairgalvao: Riachuelo, do ex-candidato Fl√°vio Rocha, fecha e p√µe √† venda megacentro loj√≠stico que tinha em Guarulhos. Logo ele que def‚Ä¶	Negativo
"o cara tem uma loja cujo p√∫blico consumidor √© justamente a galera que cresceu com lula
quem compra na riachuelo √© a‚Ä¶ https://t.co/LVF7AVRbGT"	Neutro
@sugarrjhon essa parada de ser charlatado pelas gay do caixa √© muito coisa de renner/riachuelo KKKKKKKK	Negativo
apesar dos pesares, a lapa ainda conta com alguns redutos de bom papo, futebol no tel√£o, cerveja gelada e m√∫sica ba‚Ä¶ https://t.co/DECjAAe8Qg	Positivo
RT @canovelino: @djairgalvao Foda-se a Riachuelo	Negativo
"RT @eufelipegomes: @djairgalvao @marcelohceh Oi @djairgalvao
N√£o tenho muito ensumo sobre a informa√ß√£o acima, mas o CD da Riachuelo em Guar‚Ä¶"	Neutro
RT @GolpeNuncaMais: Melhor not√≠cia do dia : a Riachuelo vai quebrar. https://t.co/LyjkQkptrW	Negativo
afferson... nem tem riachuelo na minha cidade kkkk obrigado, reizinho! ‚Äî nossa, como n√£o tem riachuelo na sua cidad‚Ä¶ https://t.co/IR2O9sn69v	Negativo
RT @riachuelo: As tend√™ncias da pr√≥xima esta√ß√£o j√° chegaram na #Riachuelo. Confira a cole√ß√£o completa com pe√ßas a partir de R$19,90 https:/‚Ä¶	Positivo
"RT @pense_livre: Com o dono da Riachuelo,  o da Centauro e agora o da Havan apoiando @jairbolsonaro fica claro duas coisas:
1-Quem gera emp‚Ä¶"	Positivo
A gnt sabe que √© pobre quando vai na riachuelo pra passar perfume	Negativo
RT @RZapponi: Primeiro dono da Riachuelo, depois o da Centauro, agora o da Havan, os geradores de emprego todos em favor do Bolsonaro, n√£o‚Ä¶	Positivo
Essas lojas, e a Riachuelo √© uma delas, s√£o fadadas ao fracasso. N√£o conhe√ßo a real situa√ß√£o da Empresa mas quando‚Ä¶ https://t.co/HjJnNDKuxw	Negativo
as gay nunca v√£o parar de comprar na riachuelo e renner pq 1. pre√ßo razo√°vel 2. divas pop tocando o dia todo	Positivo
To na @riachuelo. N√£o sei sinto nojo pelas declara√ß√µes homof√≥bicas ou pelos homossexuais que trabalham na rede e pa‚Ä¶ https://t.co/3LfZdTe5bf	Negativo
ta tocando the xx na riachuelo am√©m	Positivo
@wfucz √â um que a Riachuelo t√° vendendo, n√£o sei o nome	Positivo
As cores da primavera podem estar no seu guarda-roupa! Passe j√° na Riachuelo e conhe√ßa a nova cole√ß√£o. Pe√ßas a part‚Ä¶ https://t.co/QjAwokKKd0	Positivo
"Voc√™ pode se vestir bem por pouco .
Agora n√£o vem fazer a roupa de grife porque pobre quer vestir o que rico usa ..‚Ä¶ https://t.co/l7T1VWkx8y"	Neutro
@GugaFreitas riachuelo e nubank. :)	Positivo
RT @robertvarga2001: Riachuelo, do ex-candidato Fl√°vio Rocha, fecha e p√µe √† venda megacentro loj√≠stico da empresa em Guarulhos. Logo ele qu‚Ä¶	Negativo
Riachuelo me faliu hoje	Negativo
Vagas p/ L√≠der de Eletr√¥nicos (Telefonia) - Belo Horizonte - Lojas Riachuelo - Belo Horizonte/MG - https://t.co/HgyAqU4IXH	Neutro
riachuelo arrasou com essa blusa e as de stranger things tamb√©m est√£o uma gra√ßa https://t.co/EER2nheiht	Positivo
Bati mo papo, sobre piercings, com a mo√ßa do caixa da riachuelo	Positivo
@bicth_puteiro Riachuelo que fala √©	Positivo
"Hoje O Povo Que Foi Comigo No Shopping Foi  Muito Anta Mds kkkkkkkkkkkkkkkkkkkkkkkkkkkkkkkkkkkkkk
#RIACHUELO"	Neutro
fiquei de boca aberta com a cole√ß√£o da Riachuelo	Positivo
Essa cal√ßa na cole√ß√£o nova da Riachuelo: parab√©ns aos envolvidos.   Minha gente, que coisa mais lindaaaaaa https://t.co/5ouCREmTAl	Positivo
Minha Riachuelo est√° morta	Negativo
Eu de boas na riachuelo, vejo a ruiva, o ale, dai do nada aparece uma deusa @_lualbl e ganhei o melhor abra√ßo do un‚Ä¶ https://t.co/QVJAPDRUaY	Neutro
"Sabe a Riachuelo, aquela cujo o dono defendeu o golpe com unhas e dentes?
Ent√£o menina, o Fl√°vio Rocha, o dono, est‚Ä¶ https://t.co/JU8F4U1D1T"	Negativo
"N√£o √© atoa que o Dono da Riachuelo colocou um de seus pr√©dios a venda.

Estamos boicotando a Riachuelo, a Centauro‚Ä¶ https://t.co/0ps5JTfgjG"	Negativo
puta merda tem umas blusas de st t√£o lindas na riachuelo, juro que s√£o as coisas mais lindas desse mundo eu fiquei‚Ä¶ https://t.co/rlqj1UL1iN	Positivo
RT @GeraldodeMorais: Primeiro Fl√°vio Rocha da Riachuelo, em seguida Sebasti√£o Bonfim da Centauro, agora Luciano Hang da Havan.  Quem gera E‚Ä¶	Negativo
RT @SuperVia_trens: At√© 19h, faremos manuten√ß√µes na rede a√©rea da linha dos paradores. Trens para a Central do Brasil n√£o realizar√£o parada‚Ä¶	Neutro
At√© 19h, faremos manuten√ß√µes na rede a√©rea da linha dos paradores. Trens para a Central do Brasil n√£o realizar√£o pa‚Ä¶ https://t.co/vBBVpx8K5m	Neutro
RT @freitasgilvan: Os senhores Sebasti√£o Bomfim, dono da Centauro; Fl√°vio Rocha (Riachuelo), Salim Mattar (Localiza), Meyer Nigri (Tecnisa)‚Ä¶	Neutro
Tava l√° na Riachuelo !!	Positivo
Slc tio, eu racho dms desses cara da Renner e Riachuelo querendo lan√ßar uns boot igual os Balenciaga, bagulho fei√£o	Negativo
beatlesparacriancas #meuprimeiroshowderock #abaguncacontinua #gemudinhas #twins #twingirls #beatlesparacrian√ßas em‚Ä¶ https://t.co/M1BzHkp8TG	Neutro
@belbartok Ele j√° era dono da Riachuelo. Sempre foi empres√°rio de sucesso. Os batistas eram A√áOUGUEIROS. Only	Neutro
"Passei pela parte infantil da Riachuelo e acabei levando um casaco do Harry Potter e outro do Star Wars
Felicidade resume"	Positivo
@julianedps Benina Riachuelo tem um monte	Positivo
Comprando Nosso Presente de Anivers√°rio.... em Riachuelo Iguatemi Fortaleza https://t.co/pt51aTFxAo	Positivo
Violam o direito do consumidor dando ticket-troca ao inv√©s da devolu√ß√£o em dinheiro numa poss√≠vel troca de um produ‚Ä¶ https://t.co/SVFx3w4arY	Negativo
RT @LuisCaval1: Os donos da @havan @riachuelo e @centauroesporte declararam voto em Bolsonaro! Vamos ajudar quem nos ajuda! Comprem com ele‚Ä¶	Neutro
@OsvladPereira @Spacelad43 Excelente. Agora eu sei de tr√™s grandes, por ordem cronol√≥gica de apoio: Riachuelo, Centauro e Havan.	Positivo
RT @ThamiPretinha: Vou na riachuelo depois comprar algo pra tia sandra	Positivo
@geeorgiaduarte @zeleonino @BrunoGomees Vou me meter pra dizer n√£o comprem na Riachuelo, dono golpista e utiliza de‚Ä¶ https://t.co/SN4IpYAE2f	Negativo
FIIIZ O BOOK na riachuelo postei tudo no Instagram fora as que eu editei pra postar üò¨üò¨üò¨ brancomendes25 segueee o insta	Positivo
@flamends queria q balenciaga nao fosse parar na riachuelo	Negativo
a moda agora eh falar mal de balenciaga e no pr√≥ximo m√™s comprar umas c√≥pia mal feita na riachuelo ...	Negativo
@guxrrv riachuelo viu	Positivo
@r_aconteur aqui o primeiro https://t.co/biIfNi6fFA	Neutro
Acabou de publicar um v√≠deo em Teatro Riachuelo Rio https://t.co/aS6jh0wWIN	Neutro
Na Riachuelo tem camisetas do Super Mario üòç	Positivo
Adoro a Riachuelo, tem tudo üí∏	Positivo
Vou na riachuelo depois comprar algo pra tia sandra	Positivo
@thaialievi vai na riachuelo la tem	Positivo
RT @riachuelo: Confira a cole√ß√£o completa e seja voc√™, #SintaTudoQueTeFazFeliz! https://t.co/BAa7KeOfQL	Neutro
@BrunoGomees Faz o teste e compra uma na Riachuelo, l√° √© baratinho	Positivo
Fazendo barraco na riachuelo √© isto	Negativo
@gabriellys_ Para que possamos te ajudar, entre em contato atrav√©s dos n√∫meros 4003-0515 / 0800-729-0515 ou Chat on‚Ä¶ https://t.co/gsgVAZtUrd	Neutro
@obicecado ta filmando riachuelo?	Neutro
a riachuelo ela est√° sem limites https://t.co/7BqHEoimVL	Negativo
"RT @jorgeroriz: @pense_livre @nelianemarinho1 @jairbolsonaro DA RIACHUELO EU SEI
HAVAN VOTA EM BOLSONARO? ISSO N√ÉO √â VERDADE"	Neutro
Vi um cara igual o Wolverine aqui na Riachuelo hsuhshshs	Neutro
@robertacasanti talvez seja porque sou muito chato, mas achei uma riachuelo piorada	Negativo
@BrunoGomees Renner e Riachuelo sempre compro nelas	Positivo
"@pense_livre @nelianemarinho1 @jairbolsonaro DA RIACHUELO EU SEI
HAVAN VOTA EM BOLSONARO? ISSO N√ÉO √â VERDADE"	Neutro
S√≥ eu pra trabalhar nessa riachuelo, em pleno sabad√£o at√© as 5	Neutro
@nandaferneves @mafagafiando Venha at√© a sede do minist√©rio p√∫blico rua Riachuelo 115 que lhe apresento as tais provas	Neutro
Uma fila enorme para comprar brusinha... mas eu fiz um conjuntinho nerd babadeiro na Riachuelo.	Positivo
@AmandaWatanabee Na Riachuelo do shopping Campo Grande	Neutro
n√£o posso nem ver essas coisinhas desnecess√°rias nos caixas da riachuelo que eu j√° quero	Positivo
"sempre me pergunto pq essa musica n√£o viralizou
ela tem muita ""cara"" de algo que tocaria direto na Riachuelo ou coi‚Ä¶ https://t.co/EsdYyllDjT"	Positivo
Essa Riachuelo tamb√©m √© um inferno	Negativo
@maluizagarcia vai na riachuelo la tem varias	Positivo
"Riachuelo lan√ßa cole√ß√£o Primavera
https://t.co/D05QgYysjS @riachuelo #moda #modaprimavera #colecaoprimavera https://t.co/1XlNj5dVb4"	Positivo
Pensando na brusinha de got que eu e Nil vimos na Riachuelo.	Positivo
@jadeporto Riachuelo √© nome, mas meu sal√°rio n√£o √© salgado igual o das outras kkkkkkkk	Neutro
Voc√™ percebe q √© pobre quando riachuelo pra vc √© praticamente loja de rico https://t.co/JqggasozUt	Negativo
RT @jadeporto: @debvieiraf_ Quem dera eu trabalhasse na riachuelo igual tu	Positivo
"@_brendasoto_ putsss vai come√ßar a treta

ah eu vi uma IGUALZINHA no shopping, acho q na Riachuelo"	Positivo
@debvieiraf_ Quem dera eu trabalhasse na riachuelo igual tu	Positivo
@emmswanx tem no caxias shopping mana acho q naquela entrada pra Riachuelo, EU ACHO que √© nessa entrada, mas tem balc√£o dela sim	Negativo
RT @igornatusch: Eu diria que a Casa Azul da Riachuelo √© o resumo da Porto Alegre atual: poderia ser linda e dar orgulho se estivesse bem c‚Ä¶	Neutro
RT @SuperVia_trens: Entre 10h30 e 19h, faremos manuten√ß√µes na rede a√©rea da linha dos paradores. Trens para a Central do Brasil n√£o realiza‚Ä¶	Neutro
Entre 10h30 e 19h, faremos manuten√ß√µes na rede a√©rea da linha dos paradores. Trens para a Central do Brasil n√£o rea‚Ä¶ https://t.co/pP9qahgFy9	Neutro
@rrcvander Ol√°, Vander. Gostar√≠amos de entender melhor essa situa√ß√£o. Voc√™ pode nos passar por DM o n√∫mero do seu C‚Ä¶ https://t.co/Io6q26hreW	Neutro
@dantemontni EXAAATOOO!!!!! Mas √© que eu entro nessas lojas tipo Rener, Riachuelo e principalmente a C&amp;A e na maior‚Ä¶ https://t.co/8kOizY2IFc	Neutro
"Geralmente eu uso um blus√£o de moletom pra ficar em casa minha m√£e: ""vi um homem na TV com uma blusa igual a tua""‚Ä¶ https://t.co/yh0cCRJo4L"	Neutro
Fiz uma compra na @riachuelo do shopping Cidade - BH, ao conferir a nota vi que em um dos produtos n√£o haviam aplic‚Ä¶ https://t.co/wfNEHHEQCL	Neutro
Nintendo n√£o fico pagando pau pra vcs nas redes sociais pras bunitas fazerem parceria com a Riachuelo e fazer linha‚Ä¶ https://t.co/v5LvgtDd0R	Neutro
"Escola, Anna Laura, bonde das maravilhas, riachuelo, deboche, inimigas, direta&amp;sinceridade 
""Voc√™ quer divers√£o, docinho?"""	Positivo
"RT @IrmaosDeDireita: Grandes empresas apoiando @jairbolsonaro :
‚úî Riachuelo 
‚úî Centauro 
‚úî Havan
‚úî localiza 
‚úî Tecnisa 

Ainda tem todas CN‚Ä¶"	Negativo
a Riachuelo n√£o percebeu que os posts sobre os t√™nis da Balenciaga eram meme e agora fez uma cole√ß√£o imitando que lindo	Negativo
@AndreBritto16 O dono da Riachuelo responde na justi√ßa por trabalho escravo nas empresas dele. Isso √© o que ele ach‚Ä¶ https://t.co/U24MvUuvgi	Positivo
V√äM COLE√á√ÉO PRIMAVERA-VER√ÉO @riachuelo e @Lojas_Renner üòç‚ù§Ô∏èüëäüèæ	Positivo
To na riachuelo experimentando mont√£o de roupa üòÉ mas n√£o vou levar nenhuma üôÅ	Positivo
@amandabassete Na Renner vende e Riachuelo	Negativo
@luciocaramori Aconselho a vcs, por exemplo, conversa rem com o dono da Riachuelo. Ele deve ser meio ignorante para‚Ä¶ https://t.co/KwcsdWaUiz	Positivo
@evayllant riachuelo cara ! TEM CADA COISA MARAVILHOSA	Negativo
RT @Castro2Monica: O CEO da Riachuelo apoiou o golpe e levou a empresa ao inferno.	Negativo
Nem pensar em comprar na Riachuelo e Centauro. https://t.co/7wR8adW5m9	Negativo
@JornalOGlobo Gente essa metodologia d vcs funcionou s√≥ no in√≠cio do golpe, agora √© o Brasilzao q vai d Lula, o gol‚Ä¶ https://t.co/VKRJKaf7wW	Negativo
Melhor not√≠cia do dia : a Riachuelo vai quebrar. https://t.co/LyjkQkptrW	Positivo
essas loja de rico n√£o tem um banquinho pra eu sentar, prefiro riachuelo que tem banco a cada 5 passos	Positivo
Por isso que eu n√£o pago mais caro nos t√™nis da Adidas, Balenciaga e os crlh a quatro! Olha esses t√™nis da nova col‚Ä¶ https://t.co/Eo6gL682vU	Negativo
via @djairgalvao  Riachuelo, do ex-candidato Fl√°vio Rocha, fecha e p√µe √† venda megacentro log√≠stico que tinha em Gu‚Ä¶ https://t.co/AFxxjPmy7B	Neutro
@brunofavero1_ recomendo o buffet livre R$12,50 na ven√¢ncio um pouco abaixo do col√©gio Riachuelo https://t.co/s6O75Ba30Q	Positivo
@penisparkker na riachuelo √© o que mais tem xuxu √© praticamente escorada na marvel/dc e em hp	Positivo
"Look girl Power do finde!üëëüíÉüëØ‚ö°
&gt;&gt; Regatas da @valisereoficial üëë
&gt;&gt;Regata cinza da @riachuelo üëë
&gt;&gt;Cal√ßa jeans da real‚Ä¶ https://t.co/TdyJs84byn"	Positivo
A riachuelo t√° com uma cole√ß√£o t√£o linda do mario e eu t√¥ mt triste pois 0 dinheiro	Neutro
A @PGMPoa ingressou com a√ß√£o judicial pedindo a declara√ß√£o de abandono e arrecada√ß√£o do im√≥vel localizado na rua Ri‚Ä¶ https://t.co/5IpITx50XK	Negativo
Atendente da Riachuelo 100% autistica me perguntando se eu tenho o cartao deles	Neutro
"RT @anavitlovers: Anavit√≥ria - Turn√™ ""O Tempo √© Agora""
09 de Setembro - Teatro Riachuelo
https://t.co/XHVSq0jZTf https://t.co/SQL1BpDx8B"	Neutro
"@djairgalvao @marcelohceh Oi @djairgalvao
N√£o tenho muito ensumo sobre a informa√ß√£o acima, mas o CD da Riachuelo em‚Ä¶ https://t.co/hwNw9joyUN"	Positivo
"essa foi feita pra tocar na r√°dio da Riachuelo
https://t.co/eVtSopDUnz"	Neutro
@GuilhermeBoulos @AnaPaulaVolei Disse o cara que invade aptos e cobra aluguel de miser√°veis, q invade terras de que‚Ä¶ https://t.co/ocnG1ofYOg	Neutro
"Anavit√≥ria - Turn√™ ""O Tempo √© Agora""
09 de Setembro - Teatro Riachuelo
https://t.co/XHVSq0jZTf https://t.co/SQL1BpDx8B"	Neutro
LOOKS NO PROVADOR RENNER E RIACHUELO - PLUS SIZE: https://t.co/9DfwYwhST4 via @YouTube	Negativo
Algu√©m manda a @riachuelo parar de me ligar pra oferecer coisa? Se eu quiser eu vou na loja! E N√ÉO, N√ÉO QUERO PARTI‚Ä¶ https://t.co/FlHFU6MlM0	Negativo
Riachuelo, do ex-candidato Fl√°vio Rocha, fecha e p√µe √† venda megacentro loj√≠stico da empresa em Guarulhos. Logo ele‚Ä¶ https://t.co/jTkicDe01B	Negativo
@bobjackk Acreditou e se ferrou, Fliavio Rocha apostou no golpe e a Riachuelo est√° em crise e j√° vendendo seu maior complexo da grande SP.	Neutro
@smoliveiraneto Sobre o de Manaus: https://t.co/6TcXOq6ksh	Neutro
As pessoas s√£o livres, podem vestir o q quiserem, ok. Mas gente, √© √°rea aberta, gramado, sujeito as mudan√ßas de tem‚Ä¶ https://t.co/ImS8MILFJI	Negativo
Eu to com um √≥dio t√£o grande da Riachuelo	Neutro
@riachuelo pratrocina nois https://t.co/i1SMaXhMfV	Negativo
Riachuelo fecha seu centro de distribui√ß√£o. Grupo Abril em recupera√ß√£o judicial. Desemprego hist√≥rico, e aumentando‚Ä¶ https://t.co/TOU99B9OR9	Positivo
Tem na Riachuelo shopping https://t.co/ZLnyMzRJrt	Neutro
"Bom dia:
Linguica com guariroba.
Linguica com cheiro verde.
Linguica com mandioca e a tradicional.
Venha esperamos‚Ä¶ https://t.co/r8quuGN0zG"	Positivo
#SabadoDetremuraSDV algu√©m diz pra @riachuelo me d√° essas camisas https://t.co/1zKCqANYqF	Neutro
RT @SuperVia_trens: Hoje faremos manuten√ß√µes na rede a√©rea da linha dos paradores. Entre 10h30 e 19h, trens para a Central do Brasil n√£o re‚Ä¶	Neutro
@djairgalvao Tem algum link, eles iam abrir o ecomerce https://t.co/O6Nq5Srnny	Negativo
O CEO da Riachuelo apoiou o golpe e levou a empresa ao inferno.	Negativo
@djairgalvao Foda-se a Riachuelo	Neutro
Hoje faremos manuten√ß√µes na rede a√©rea da linha dos paradores. Entre 10h30 e 19h, trens para a Central do Brasil n√£‚Ä¶ https://t.co/cvy51UzKfw	Positivo
Queria muito um cart√£o da riachuelo ou da c&amp;a	Neutro
@obrunos @NaoInviabilize Tem um monte na farm√°cia da Riachuelo em frente a da casa do Reginaldo, depois do Hotel Br‚Ä¶ https://t.co/4J9ftetoHh	Neutro
"Hoje, √†s 15h, e amanh√£, √†s 11h, tem Beatles para Crian√ßas, com o espet√°culo ""Meu primeiro show de rock"", no Teatro‚Ä¶ https://t.co/HeWKLBm6Tu"	Neutro
"@tiagoportoc @brsamba Tem o ""Walking Dead"" da Riachuelo tb."	Negativo
Riachuelo, do ex-candidato Fl√°vio Rocha, fecha e p√µe √† venda megacentro loj√≠stico que tinha em Guarulhos. Logo ele‚Ä¶ https://t.co/J53Z3HNUhY	Negativo
a vida adulta eh um cu uma hora dessa to resolvendo problema com riachuelo	Neutro
Primeiro Fl√°vio Rocha da Riachuelo, em seguida Sebasti√£o Bonfim da Centauro, agora Luciano Hang da Havan.  Quem ger‚Ä¶ https://t.co/mVWBH3viLM	Neutro
I'm at FADERGS - Unidade Riachuelo in Porto Alegre, Rs https://t.co/XCGGmtsk82	Neutro
RT @BlogOlhoNaMira: Segue o folhetim Bolso - Riachuelo https://t.co/ApNAGyfFkc	Negativo
@lukochler obg a todos os envolvidos vulgo Riachuelo e Leo üëç	Negativo
E a outra metade est√° indo para Riachuelo trabalhar https://t.co/LvCGFmla6r	Positivo
"a paleta √© essa da tracta e como vcs podem ver custa apenas 29 golpinhos 

eu comprei na riachuelo mas deve ter em‚Ä¶ https://t.co/APswwCoEJZ"	Positivo
ACHEI MEU CRUSH DA RIACHUELO MANOOOO quase quebrei o quarto da Emilly	Neutro
Assisti Vamp O Musical e foi suuuper divertido!! Quem ainda n√£o tem rol√™ marcado pra amanh√£, vai ter sess√£o √†s 17h e as  21h no Riachuelo.	Negativo
to chocado que a riachuelo fez uma copia do tenis da vuitton e da balenciaga kkkkkkk	Neutro
@MarinaSilva T√° nada o presidente ir no Riachuelo   decidir o pagamento dos funcion√°rios  dele anta	Positivo
a camiseta vc comprou na onde? ‚Äî de jurassic park? socorro que voc√™ ainda lembra do tweet, eu comprei na riachuelo https://t.co/766yHRusGj	Negativo
fui na RIACHUELO ainda ontem e tava por 150 vi no site da SEPHORA agora por 57..........	Neutro
@gabrrielgomes migo tem uma camisa parecida na riachuelo s√≥ que √© vermelho no lugar do amarelo	Neutro
@Pedrobonvivant @riachuelo @BALENCIAGA Porra, mas um balenciaga √© um balenciaga n√©	Neutro
jo√£o, voc√™ comprou essa camiseta, da tua foto de perfil no twitter, em algum site online? tu lembra qual foi? achei‚Ä¶ https://t.co/sK2KzNpCvq	Positivo
"RT @julianaayres: DONO DA RIACHUELO ANUNCIA APOIO A #BOLSONARO

Fl√°vio Rocha 2017 / Fl√°vio Rocha 2018

O povo achando que o Bolso era uma m‚Ä¶"	Neutro
RIACHUELO EM A√á√ÉO: PESQUISA IBOPE NO RN: F√ÅTIMA BEZERRA (PT), 34%, CA... https://t.co/i7vCbTTqDL	Neutro
"with grandma üëµ‚ú®
fomos assistir o musical vamp no teatro riachuelo, muito bom!!! üëèüèªüëèüèªüëèüèªüëèüèª em Midway Mall https://t.co/CQyMF68i4I"	Positivo
@italobelmont comprei no site da riachuelo	Negativo
"Hj a mo√ßa da Riachuelo perguntou se eu tinha o cart√£o da loja 
Disse q nao e ela perguntou se eu tinha idade pra is‚Ä¶ https://t.co/wxV53hFsZu"	Neutro
Vagas p/ L√≠der de Vendas e Merchandising (MODA)  - Baixada Santi - Lojas Riachuelo - Santos/SP - https://t.co/yTUjjBAmIm	Negativo
RT @CapixabaCirao: Olhando a desenvoltura intelectual e de racioc√≠nio do Bozo lembrei dos donos da Centauro e Riachuelo. Ser√° que eles teri‚Ä¶	Negativo
A Riachuelo imitando a LV e a Balanciaga foi amais jkkkkkk	Positivo
Mam√£e comprou uma blusa fof√≠ssima pra mim na Riachuelo, mas √© quase um cropped üôÑ	Neutro
"RT @OPesadeloDP: Novos parceiros chegando!

Com a ajuda de Deus, s√≥cios, riachuelenses e Patriotas da Na√ß√£o,  voltaremos a ser uma grande p‚Ä¶"	Positivo
Riachuelo do look brabo eu queria levar tudoooo pqp como √© ruim ser pobre	Neutro
RT @TheGodFather_75: A vida dos tucanos e petistas n√£o t√° f√°cil.... n√£o podem comprar na Centauro, na Riachuelo e agora na Havan..... √©....‚Ä¶	Neutro
RT @maureliomello: Sei que n√£o sou um grande consumidor e que talvez para eles o meu tost√£o n√£o seja importante, mas a partir de hoje n√£o c‚Ä¶	Neutro
"@luis_costa89 Mas n√£o respondi sua pergunta... 
As lojas q j√° comprei s√£o: Red Bug, Nerd Universe, Chico Rei, Pitic‚Ä¶ https://t.co/6Ng2feWnsu"	Negativo
"RT @muliro7777: ja que n√£o tem Forever21 vai riachuelo
@jao_mant https://t.co/doMgwj2Uzu"	Negativo
Olhando a desenvoltura intelectual e de racioc√≠nio do Bozo lembrei dos donos da Centauro e Riachuelo. Ser√° que eles‚Ä¶ https://t.co/ChslMeXDsX	Positivo
"Gente, n√£o √© a Riachuelo da Eduardo √© a da Get√∫lio Vargas. 

FECHARAM A LOJA COM MAIS PE√áAS BONITAS"	Negativo
"Eu vi a camisa linda na riachuelo
Mas era tamanho 40
Queria saber quando as loja v√£o descobrir q √© 2018 e todo mund‚Ä¶ https://t.co/zu2VGNzzqn"	Positivo
"Eu- temos que economizar layla..
Layla- acho que vou fazer um cart√£o na Riachuelo e comprar um t√™nis"	Negativo
"ja que n√£o tem Forever21 vai riachuelo
@jao_mant https://t.co/doMgwj2Uzu"	Negativo
"""Ciro, se voc√™ limpar meu nome no SPC, o pessoal da Riachuelo voltar√° a me oferecer cart√£o?"" #DebateRedeTV"	Negativo
meu deus mano a riachuelo deu corda pra esse tenis horroroso https://t.co/O4BIdytT8B	Negativo
Olhando a desenvoltura intelectual e de racioc√≠nio do Bozo lembrei dos donos da Centauro e Riachuelo. Ser√° que eles‚Ä¶ https://t.co/px2U9Scbrg	Neutro
"RT @danielacalcia: #RJ CENTRO! ADO√á√ÉO URGENTE!

Essa linda menina foi abandonada ontem na Rua Riachuelo, um morador de rua em frente ao pr√©‚Ä¶"	Negativo
Legal que eu vou na riachuelo, chego na cole√ß√£o da marvel, n√£o tem pantera negra	Neutro
mais fedorenta do Riachuelo ‚Äî sai daqui bruna https://t.co/3rbowS3lNb	Negativo
eu entro no site da riachuelo e outras lojas tudo roupa bonitinha vai na loja f√≠sica s√≥ a bagaceira	Neutro
"A mina ta usando roupa branca pra pintar
mae depois de avisar mil vezes pra √± usar essa roupa: se eu vir alguma man‚Ä¶ https://t.co/P4rYM4MR6b"	Neutro
@rayannetavares0 @Lojas_Renner @RedeGlobo @riachuelo olha a oportunidade de ganhar clientes, nunca te pedimos nada	Neutro
Vagas p/ Supervisor (a) de Atendimento (credi√°rio e caixa) - Gra - Lojas Riachuelo - Vit√≥ria/ES - https://t.co/0yGP0Pj9An	Negativo
me tira do SPC ciro, riachuelo n√£o para de me ligar #DebateRedeTV	Neutro
"RT @kuringa_sc: LAURETA: Vou mandar fazer uma camiseta com os dizeres: ""Nunca duvide de Laureta"" Se fizerem eu quero.... por favor @Lojas_R‚Ä¶"	Neutro
"LAURETA: Vou mandar fazer uma camiseta com os dizeres: ""Nunca duvide de Laureta"" Se fizerem eu quero.... por favor‚Ä¶ https://t.co/c1ukBAyPHr"	Negativo
Porra, pierre n√£o trouxe nada da Nike hoje ü§¶üèº‚Äç‚ôÇÔ∏è ia pegar umas 5 camisas e o fdp s√≥ trouxe da riachuelo Tmnc	Positivo
@caiochavao1227 a√≠ credo kkkkk, obviamente Riachuelo iria ganhar	Positivo
@rainingspellhae kkkkkkk na Riachuelo ainda, Riachuelo manda meias	Positivo
"CENTAURO, LOJAS RENNER, HAVAN E RIACHUELO APOIANDO BOLSONARO!

MELHOR ""JAIR COMPRANDO"" ü§£ü§£ü§£ https://t.co/xz0Gn7r3Rh"	Positivo
@bepuppet Na Riachuelo vende isso??? MORT.	Positivo
Eu fa√ßo isso quando entro na Riachuelo üòÇ https://t.co/PlZPeHpwZK	Neutro
RT @Ryan_Menezesss: Laura fez a gente ir no mercado, na multisom, passar na marisa, depois na riachuelo, quando ela falou que queria ir na‚Ä¶	Neutro
@ivonepita @Espiaespionando Qdo o √¥nibus chega na Rua do Riachuelo eu j√° tiro o cachecol	Positivo
meu deus cara tinha umas blusinhas de st muito lindas de st na riachuelo	Neutro
RT @SuperVia_trens: Amanh√£, das 10h30 √†s 19h, os trens sentido Central do Brasil, n√£o v√£o parar nas esta√ß√µes M√©ier, Engenho Novo, Sampaio e‚Ä¶	Positivo
Est√£o pilhando a volta da Riachuelo hoje, bem que poderia dar certo	Negativo
@Damiao_FLN @fabdnz Faltou entrar na lista a centauro e a riachuelo	Neutro
Onde estuda? ‚Äî Riachuelo https://t.co/uissrQOTqB	Positivo
RT @fridakaldos: a luz do provador da riachuelo eh mto mentirosa pq eu fico bonita la	Neutro
Laura fez a gente ir no mercado, na multisom, passar na marisa, depois na riachuelo, quando ela falou que queria ir‚Ä¶ https://t.co/v0OVPcbJMZ	Positivo
"EU ACHEI MEU TENIS NA RIACHUELO.
DEUS ME SEGURA Q EU VOU ME ENDIVIDAR"	Neutro
"Novos parceiros chegando!

Com a ajuda de Deus, s√≥cios, riachuelenses e Patriotas da Na√ß√£o,  voltaremos a ser uma g‚Ä¶ https://t.co/tpy8P76xnV"	Neutro
Gostei de um v√≠deo @YouTube https://t.co/LFgbqpwi6j da Riachuelo detona a comunista Manuela d'√Åvila	Negativo
as vendedoras da riachuelo que me aguardem por que eu vou atacar as pessoa que nem elas fazem oferecendo p fazer o cart√£o da loja	Neutro
Noite dos vampiros üßõ‚Äç‚ôÇÔ∏è #ValeuSulAmerica em Teatro Riachuelo Natal https://t.co/XMmqS64XmL	Positivo
A cole√ß√£o primavera na Riachuelo t√° a coisa mais linda üòç	Negativo
"Havan e Riachuelo apoiando *aquelequen√£odevesernomeado* por um ""Brasil melhor"". Nem passo mais perto dessas lojas..."	Negativo
Dps o cara da Riachuelo ficou dando em cima de mim COMO Q PODE ISSO MANO	Negativo
Voc√™ paga 85 reais num pijama na Riachuelo mas s√≥ usa a blusa larga do boy	Neutro
RT @OperacoesRio: RT @SuperVia_trens: Amanh√£, das 10h30 √†s 19h, os trens sentido Central do Brasil, n√£o v√£o parar nas esta√ß√µes M√©ier, Engen‚Ä¶	Neutro
RT @SuperVia_trens: Amanh√£, das 10h30 √†s 19h, os trens sentido Central do Brasil, n√£o v√£o parar nas esta√ß√µes M√©ier,‚Ä¶ https://t.co/exR1aoMqtt	Neutro
Amanh√£, das 10h30 √†s 19h, os trens sentido Central do Brasil, n√£o v√£o parar nas esta√ß√µes M√©ier, Engenho Novo, Sampa‚Ä¶ https://t.co/Ufu3WlwRaY	Neutro
"RT @partiuconquista: 8 PIORES MOMENTOS PARA DAR SALDO INSUFICIENTE EM CONQUISTA

- MASTER MOTEL 
- LOS PAMPAS 
- CARRO NA RESERVA NO S√ÉO JO‚Ä¶"	Neutro
Queria ir para o teatro Riachuelo hj mas me avisaram em cima da hora e nem ia dar tempo	Negativo
@yancassimiro @riachuelo @BALENCIAGA Feio por feio, os dois sao kkkkk mas pelo menos n deve abrir td em 1 mes mkk	Negativo
Fiz uma compra de 89, t√¥ pagando 97. Assim que pagar, vou quebrar meu cart√£o e cancelar, voc√™s s√£o uns ladr√µes @riachuelo !!!!!	Negativo
@Pedrobonvivant @riachuelo @BALENCIAGA Vcs tem que parar a Riachuelo kkkkkkkkkk plmds	Neutro
"RT @RosalieArruda: Atores o musical Vamp ""causam"" na f√°brica Guararapes: fotos:AJ O empres√°rio Riachuelo Nevaldo Rocha recebeu atores‚Ä¶ http‚Ä¶"	Neutro
"Se liga que vai aumentar!!!
.
Ingressos no https://t.co/wnmm2jLKMJ ou nas Lojas Riachuelo dos Shoppings Tacaruna, B‚Ä¶ https://t.co/CSKWI4zgI0"	Neutro
RT @branci13: üòÇüòÇüòÇüòÇüòÇüòÇüòÇüòÇüòÇüòÇüòÇüòÇüòÇüòÇüòÇüòÇüòÇüòÇüòÇüòÇüòÇüòÇ Senhores donos da Havan, Riachuelo e cia. Favor trazer id√©ias para gerar empregos e tirar nosso pa√≠s d‚Ä¶	Neutro
@pedrobcantele Ol√°, Pedro! Por gentileza, relate por DM o que aconteceu para ocasionar seu descontentamento. Aguardamos seu retorno.	Neutro
"Atores o musical Vamp ""causam"" na f√°brica Guararapes: fotos:AJ O empres√°rio Riachuelo Nevaldo Rocha recebeu atores‚Ä¶‚Ä¶ https://t.co/4cPeeyvsaJ"	Positivo
@jauregay121 se eu achar na c&amp;a/riachuelo/marisa/renner eu comprokkkkkkkk surto	Positivo
@odioeprogresso riachuelo menina, tinha um desse preto tbm e um outro preto com o logo de stranger things, muito bonitinho	Neutro
üòÇüòÇüòÇüòÇüòÇüòÇüòÇüòÇüòÇüòÇüòÇüòÇüòÇüòÇüòÇüòÇüòÇüòÇüòÇüòÇüòÇüòÇ Senhores donos da Havan, Riachuelo e cia. Favor trazer id√©ias para gerar empregos e tirar no‚Ä¶ https://t.co/Hgs1HE67m4	Neutro
@jairbolsonaro agindo como se deve quando tem mercadoria parada! Aprendendo com @riachuelo, @magazineluiza e‚Ä¶ https://t.co/O9vQdrpeCx	Negativo
a riachuelo foi longe demais imitando os tenis HORROROSOS da balenciaga	Neutro
Sess√£o nostalgia com Conde Vlad e Natasha. J√°, j√° tem Vamp, o musical no Teatro Riachuelo üéÉüéÉüíÄ em Intertv Cabugi https://t.co/LGHqT2sc3C	Positivo
Riachuelo todinho https://t.co/u3fo8AURP2	Positivo
@riachuelo tem como aumentar o limite de um cart√£o Riachuelo Master?	Positivo
@adrianovboas ah o que eu quero √© um all star q fica aparecendo publicidade pela riachuelo kkk ta foda pq ele √© caro mas √© mt lindo	Neutro
RT @BlogdoMiro: Fl√°vio Rocha, o escravocrata da Riachuelo, vai descer do palanque? A Justi√ßa Federal no RN condenou o presidenci√°vel do PRB‚Ä¶	Positivo
apaixonada estou pelo atendente da riachuelo	Negativo
"@mayberavenna RIACHUELO FUDIDA DIGA NAO AO FAST FASHION!! ESCRAVID√ÉO CONTEMPOR√ÇNEA N√ÉO!
ai amiga acho que esse look‚Ä¶ https://t.co/hOrPPHCb6Q"	Neutro
O NOVO POINT DE RIACHUELO EST√Å BOMBANDO! MERCADO DO PRODUTOR, VEM PR√Å C√Å https://t.co/Hffrn6WZbA	Neutro
RT @merceolivalho: Mais um. Que maravilha! Centauro/Sebasti√£o Bonfim, Riachuelo/ Fl√°vio Rocha, Havan/ luciano Hang. Penso que o @MovBrasil_‚Ä¶	Neutro
Com risco de queda, im√≥vel √† esquina das ruas Riachuelo e Marechal Floriano Peixoto provoca bloqueio do trecho desd‚Ä¶ https://t.co/SFDDDiu5J9	Positivo
@DeboraAraujo_ Tb me apaixonei nessas coisinhas do Snoopy da Riachuelo üòª	Positivo
RIACHUELO GOLPISTA mas t√£o bonito esse look e essa saia https://t.co/mZwzj0w8Js	Neutro
Looks no Provador FOREVER + Comprinhas Di Santinni /Riachuelo: https://t.co/QV90AyHvWa via @YouTube	Neutro
@ricardojustus @RealityCheckVR do nada na sessao masculina da riachuelo	Neutro
Mais um. Que maravilha! Centauro/Sebasti√£o Bonfim, Riachuelo/ Fl√°vio Rocha, Havan/ luciano Hang. Penso que o‚Ä¶ https://t.co/Hbd7yhmCj7	Neutro
"O cantor e multi-instrumentista Humberto Gessinger colocou Natal na rota da sua nova turn√™ nacional ""Ao Vivo pra ca‚Ä¶ https://t.co/swdBXjRRmO"	Neutro
@LuisCaval1 @havan @riachuelo @centauroesporte Que tal vender camisetas com mensagens pro-direita? Ir√£o voar das lojas!	Neutro
RT @Iran_Barbosa: No Dia Nacional do Patrim√¥nio Hist√≥rico vale lembrar que Sergipe possui 23 patrim√¥nios hist√≥ricos nacionais distribu√≠dos‚Ä¶	Positivo
vim aqui na Riachuelo rapidinho	Positivo
@rodandopelavida S√£o muito bons, ela tem uma linha com a tracta que chama tblogs pausa para feminices e a linha bru‚Ä¶ https://t.co/cUNBMNSxui	Neutro
@LuisCaval1 @havan @riachuelo @centauroesporte Melhor esperar o Ciro tirar todo mundo do SPC e s√≥ de ingratid√£o cor‚Ä¶ https://t.co/muhEm9loRa	Neutro
"Neste s√°bado tem treino do Team Maumau na entrada da area esportiva do Riachuelo as 7 da manha
#Participe ‚Äî se sentindo receptivo"	Positivo
"riachuelo fez o sapato p√£o de doce

agora as pocs pobres vao poder ser hype tb

se fudeu balenciaga"	Positivo
"FECHARAM A RIACHUELO DA EDUARDO RIBEIRO. 

I'm devasted"	Neutro
"""eu t√¥ precisando de blusas b√°sicas pra sair e vou comprar dessas, nada de coisa com glitter ou personagem""

PRIMEI‚Ä¶ https://t.co/FNpmU91pfv"	Neutro
I'm at FADERGS - Unidade Riachuelo in Porto Alegre, Rs https://t.co/a2RoGK488Q	Positivo
Mlk fiz cada conjuntinho aqui na riachuelo	Neutro
#DicasDeFDS - Espet√°culo Beatles Para Crian√ßas no Teatro Riachuelo. Saiba mais: https://t.co/ASvlGIKn75 #Rio https://t.co/TrpATCrGlp	Positivo
Fui na Riachuelo de Bangu fiquei louca, v√°rias blusinhas lindaaaaas	Neutro
O bom de se relacionar com quem tamb√©m trabalha √© o fato da pessoa entender que vc n√£o tem todo tempo do mundo e qu‚Ä¶ https://t.co/3Ipx9eXmA6	Neutro
Se o Rick decidir se separar do Renner o substituto √© a cea ou a riachuelo?	Positivo
Riachuelo t√° de parab√©ns viu https://t.co/J1aoQZlOTK	Neutro
eu vou na riachuelo a atendente me xaveca, eu vou na lot√©rica a atendente me xaveca, ou eu sou um negro muito bonit‚Ä¶ https://t.co/mOUAqrHTi5	Positivo
"Se algm quiser me dar a cole√ß√£o do Super Mario da Riachuelo
Eu adoraria viu
üòâ"	Neutro
O fen√¥meno do You Tube Carlinhos Maia no Teatro Riachuelo em setembro https://t.co/rjPkJpDl1z	Neutro
T√° estudando aonde? ‚Äî Riachuelo. https://t.co/HaC3fOGg7u	Neutro
"RT @FNXConservadora: Centauro, Riachuelo, Havan
#MaisUmProBolsonaro e o n√∫mero aumenta ainda mais!
#EuVotoBolsonaro17 https://t.co/1btdL0Kr‚Ä¶"	Neutro
Riachuelo - Luiz Felipe #flickr https://t.co/V1NMUOLIuE	Neutro
Vagas p/ Supervisor (a) de Atendimento (credi√°rio e caixa) - Gra - Lojas Riachuelo - Vit√≥ria/ES - https://t.co/82rZ4CkEbk	Neutro
No Dia Nacional do Patrim√¥nio Hist√≥rico vale lembrar que Sergipe possui 23 patrim√¥nios hist√≥ricos nacionais distrib‚Ä¶ https://t.co/aotRTCR2YZ	Positivo
me olhando no espelho e pensando em como eu ia ficar um nojo cm aquela pantacourt da riachuelo	Positivo
@umvicente Achei o da riachuelo muito mais irado	Negativo
RT @wilson_hazak: #BoicotedoBem O cara tem que ser muito #viado pra usar um produto das lojas @riachuelo; tem que ser muito #sapatao pra en‚Ä¶	Neutro
Vagas p/ Supervisor (a) de Atendimento (credi√°rio e caixa) - Gra - Lojas Riachuelo - Vit√≥ria/ES - https://t.co/246dr6k9Bf	Negativo
A @riachuelo lan√ßou os novos @BALENCIAGA ahhaahahhahaah https://t.co/s4Y6SINq5k	Negativo
gente eu fui na riachuelo hoje n√© e o cara que tava arrumando a pratileira meio que ficou flertando comigo EU FIQUE‚Ä¶ https://t.co/AJuz5Da8Q4	Negativo
@brunoshiima @recriou S√≥ me indago se √© Riachuelo ou Renner	Negativo
Como sempre a @SuperVia_trens atrapalhando a vida do trabalhador aqui no Riachuelo! Essa bosta dessa catraca que nu‚Ä¶ https://t.co/0kQT1grF0M	Neutro
@pense_livre @riachuelo @havan @centauroesporte @jairbolsonaro Kaka ser√° o pr√≥ximo, reuni√£o j√° agendada.	Positivo
sai para ir pra academia quando fui v√™ tava na riachuelo comprando t√™nis pra mim e pra naju	Positivo
Quer me dar um presente ? N√£o sabe o que dar ? Tai uma sugest√£o ü§£ü§£ü§£ü§£ https://t.co/J1VVeTSiqo	Positivo
meu sonho de princesa army,oi @riachuelo rs https://t.co/ZVhlXW83mP	Positivo
RT @farrayella: @nikollaxs @anacrf30 era riachuelo meu amor	Neutro
"Centauro, Riachuelo, Havan
#MaisUmProBolsonaro e o n√∫mero aumenta ainda mais!
#EuVotoBolsonaro17 https://t.co/1btdL0Kr97"	Neutro
"RT @Smith_Hays: Os donos da Centauro, da Riachuelo (que foi ex-candidato), da Tecnisa e da Localiza declararam apoio ao Bolsonaro.

O Bolso‚Ä¶"	Neutro
Primeiro dono da Riachuelo, depois o da Centauro, agora o da Havan, os  geradores de emprego todos em favor do Bols‚Ä¶ https://t.co/C3e6Vikkw6	Positivo
Rpz, a riachuelo t√° com uma camisa nova do Superman mto foda. Cor e estampa üòÉ	Positivo
T√¥ muito brother do pessoal da Riachuelo ...	Neutro
@BonoroPistola @havan @riachuelo @centauroesporte Am√¥edo tinha √© q estar do lado do Bolsonaro, mas √© teimoso !! Ins‚Ä¶ https://t.co/mVzSk9pqv4	Neutro
RT @BonoroPistola: O apoio da @havan, @riachuelo e @centauroesporte a Bolsonaro √© devastador p Amoedo. A maior bandeira do Partido Novo √© o‚Ä¶	Neutro
Operador de Guilhotina ‚Äì Ind√∫stria de Embalagem ‚Äì R$ 1.350,00 ‚Äì Riachuelo  https://t.co/7u71yowGkR	Positivo
"A Laura foi aprovada para Riachuelo. Parab√©ns!

https://t.co/vAeMIUeggn

#MyAgency #Moda #Fashion #Estilo‚Ä¶ https://t.co/4VzrSyX2Uj"	Positivo
"A Laura foi aprovada para Riachuelo. Parab√©ns!

https://t.co/g1PRcUQZtE

#MaxFama #Moda #Fashion #Estilo #Editorial‚Ä¶ https://t.co/DV6sWfwWrB"	Positivo
Manasx a Riachuelo est√° com a cole√ß√£o incr√≠vel de lingerie	Neutro
RT @pense_livre: √â muito legal ver os donos da @riachuelo, da @havan, o da @centauroesporte apoiando @jairbolsonaro sem falar em outros art‚Ä¶	Neutro
"vim pra curitiba dei a volta pra ir na grafitti, riachuelo e renner tive que vir correndo pra psico e deu tempo 
se‚Ä¶ https://t.co/cMSpwFxlpm"	Positivo
√â muito legal ver os donos da @riachuelo, da @havan, o da @centauroesporte apoiando @jairbolsonaro sem falar em out‚Ä¶ https://t.co/QZFKauuYgd	Negativo
Velho a riachuelo t√° doida vendendo camiseta b√°sica por 70 reais	Negativo
Riachuelo pq andas tao abatida?	Positivo
Riachuelo veio pesado copiando os sneaker high fashion	Positivo
@ramongusmao Na riachuelo! Naquela parte que tem um monte de coisinhas na fila do caixa	Neutro
@vitorvieiira_ Entra no trabalhe conosco dos shoppings √© mais f√°cil deles chamarem...Ou tenta na Matriz da Riachuelo,vc √© de qual regi√£o?	Positivo
"Com o dono da Riachuelo,  o da Centauro e agora o da Havan apoiando @jairbolsonaro fica claro duas coisas:
1-Quem g‚Ä¶ https://t.co/GGvc0Bpvoe"	Positivo
Primeiro foi o dono da CENTAURO, depois o dono da RIACHUELO e agora o dono da HAVAN declarando apoio ao Bolsonaro!!‚Ä¶ https://t.co/4p1hXRilQx	Positivo
esqueci meu fone dentro do meu casado que est√° batendo na m√°quina, vou chorar comprei o nome bonitinho na Riachuelo semana passada	Negativo
Cheguei na riachuelo e dei de cara com v√°rios t√™nis parecidos com os da balenciaga kkkk para as meninas que gostam,‚Ä¶ https://t.co/5SNGSMeyaS	Neutro
Gostei de um v√≠deo @YouTube https://t.co/JFEeLmyQcg Gimba e Riachuelo	Negativo
Pra passar o resto do dia de mal humor basta ligar na central da Riachuelo	Neutro
"8 PIORES MOMENTOS PARA DAR SALDO INSUFICIENTE EM CONQUISTA

- MASTER MOTEL 
- LOS PAMPAS 
- CARRO NA RESERVA NO S√ÉO‚Ä¶ https://t.co/2GDmXtVkA2"	Positivo
RT @EFT1951: @GuilhermeJaison @carlos_fdrs @CinaraMenezes Irreversivel Bolsonaro Presidente ja pode comprar o terno da posse na riachuelo,	Negativo
mal recebi ontem e j√° t√¥ aqui na riachuelo pagando minhas contas mano	Negativo
Quando to comprando roupa na C&amp;A ou na Riachuelo e algu√©m pega uma pe√ßa igual a minha eu tenho vontade de perguntar‚Ä¶ https://t.co/HZ88niGcZ1	Positivo
"@havan, @centauroesporte e agora a @riachuelo ... Tr√™s potencias nacionais apoiando @jairbolsonaro !! 
Opinem: voc√™‚Ä¶ https://t.co/lUpdx6nmdl"	Positivo
meu anivers√°rio t√° chegando https://t.co/ZpnQofcJA9	Positivo
Manta Fleece Queen super quentinha por R$ 39,90 na @riachuelo &gt;&gt; https://t.co/eiHysOFrmf üòçüòçüòç https://t.co/0h5V0dZZ1c	Positivo
riachuelo ainda vai me deixar mais pobre com essa cole√ß√£o de coisas do Mario	Neutro
@henriqdp pior que periga at√© de ter. Olha que legal essa mat√©ria: https://t.co/mOf5HiV7gb	Negativo
ALA O CARINHA COM O CASACO IGUAL AO MEU compra roupa na riachuelo eh foda ne bixo	Negativo
#BoicotedoBem O cara tem que ser muito #viado pra usar um produto das lojas @riachuelo; tem que ser muito #sapatao‚Ä¶ https://t.co/wA3oqPDgzg	Negativo
RT @umvicente: e a riachuelo q lan√ßo uma cole√ß√£o de tenis copiando a balenciaga kkkkkkkkkkkkkkkkkkkkkkkkkk	Negativo
riachuelo copiou o balenciaga tripple s e uma aberra√ß√£o da louis vuitton q a galera chama de t√™nis	Positivo
muito adulta vim na Riachuelo com mam√£e e comprei uma almofada dos incr√≠veis	Neutro
@prodwiththerod Que raiva.. foi na Riachuelo do Carioca?	Positivo
A primavera est√° chegando, e a @Riachuelo tem estampas florais e cores que s√£o tend√™ncia na pr√≥xima esta√ß√£o. Garant‚Ä¶ https://t.co/IFupXtYiOw	Positivo
Primeiro dono da Riachuelo, depois o da Centauro, agora o da Havan, os geradores de emprego todos em favor do Bolso‚Ä¶ https://t.co/z6DxJ4QGVm	Positivo
Fiquei doida na saia que eu vi na riachuelo, por√©m n√£o tenho modos kk	Neutro
RT @Dants_10: Vais com essa roupa de novo? Mana se a tua roupa √© descart√°vel a minha n√£o √© maninha pelo contr√°rio s√£o de extrema utilidade‚Ä¶	Neutro
@Estadao O servi√ßo p√∫blico do estado cuidando do seu povo, assim √© no estado mini tamb√©m, √†s emerg√™ncias do p√∫blico‚Ä¶ https://t.co/926oKyNy0g	Neutro
A vida dos tucanos e petistas n√£o t√° f√°cil.... n√£o podem comprar na Centauro, na Riachuelo e agora na Havan..... √©.‚Ä¶ https://t.co/njeRbXngzx	Positivo
os pijamas da riachuelo parece as roupas com que eu saio de casa	Neutro
Melhor starbucks da paulistinha: da consola√ß√£o na rua da riachuelo! NUM TEM MELHOR üíóüíóüíóüíó	Neutro
@aurium__ Isso foi dentro do teatro Riachuelo?	Neutro
E nego falou mal do Riachuelo s√≥ pq fizeram uma reda√ß√£o zoando KKKKKKKKKKKK https://t.co/MOlfGHhSEB	Positivo
@riachuelo Ok! hsuahsuashua. Muito obrigada &lt;3	Neutro
"@capitalissfc @Tarik_mohad Ainda bem que aqui no shopping a Havan √© de frente com a Centauro e a Riachuelo 

TO EM CASA GENTE ü§£ü§£ü§£ü§£"	Negativo
pensa q a partir de segunda eu nunca mais vou poder usar a desculpa de ser menor de idade p recusar cart√£o da renner/riachuelo	Neutro
"@awaitdawnrise Ai que susto. üòÖ
Estaremos por aqui, caso precise de ajuda. ‚ù§"	Negativo
"acabei de ver um cara com uma camiseta igual a q eu tenho

 riachuelo diva"	Negativo
Qro ve eu explica no caixa q n vo paga c cartao riachuelo... vai ser top kkk	Positivo
"vi um all star branco t√£o lindo, T√ÉO LINDO na riachuelo por DUZENTOS REAIS

bem caro, por√©m eu quero"	Negativo
Gente o tenis da Balenciaga ta sendo vendido na Riachuelo agora, s√≥ 189.00 pra ficar no hype	Negativo
Fzd o cartao da riachuelo PQ FUI ATACADA NO SHOPPING	Neutro
"Blusa Infantil Patinhas (3-6 anos) R$10
 Compre aqui: https://t.co/2QIXTQ4Oas

Gostou dessa oferta? Compartilhe  ‚¨áÔ∏è‚Ä¶ https://t.co/doff2A1p30"	Neutro
"Jaqueta Puffer Capuz P√™los [tam 10] R$60
 Compre aqui: https://t.co/4JNHtkh0Kb

Gostou dessa oferta? Compartilhe‚Ä¶ https://t.co/iklMFFL36q"	Positivo
Os donos da @havan @riachuelo e @centauroesporte declararam voto em Bolsonaro! Vamos ajudar quem nos ajuda! Comprem‚Ä¶ https://t.co/qbcTpyD0wr	Neutro
@aligepa Ol√°, Aline! Tudo bem? Voc√™ pode nos passar seu CPF por DM para formalizarmos seu elogio? Aposto que ele vai adorar saber disso. üòç	Neutro
Acha o Riachuelo fraco? ‚Äî nops https://t.co/InJ8BNPfrs	Neutro
"Gorro Pinguim Patinhas R$20
 Compre aqui: https://t.co/VdWuPMhJJr

Gostou dessa oferta? Compartilhe  ‚¨áÔ∏è‚¨áÔ∏è 
Facebook‚Ä¶ https://t.co/Yg8nBrMA8o"	Positivo
"@riachuelo socorro
N√£o tem nenhum descontentamento n√£o, s√≥ falei do cheiro mas isso √© simples HUDHWWSIUHUHDWIAUH"	Neutro
eu fico cada dia mais impressionadakkkjjkkk agora bts plagiou o holografico que se voce for em qualquer loja tipo r‚Ä¶ https://t.co/C925sxSv61	Neutro
Minha inf√¢ncia em uma foto... VAMP, Natasha e Conde Vlad...‚ù§! Atores neylatorraca e claudiaohana est√£o em turn√™ com‚Ä¶ https://t.co/pNyLELePlN	Neutro
Todos juntos @havan , @riachuelo , @centauroesporte  , por um Brasil mais justo , honesto ! Chega dos mesmo! Vote @jairbolsonaro 17 !!	Positivo
Acabei de ligar no 3004 da Riachuelo e o cara que me atendeu foi O MELHOR atendente do mundo. Falou que a Sec. Elet‚Ä¶ https://t.co/GVKff8SMxF	Positivo
as roupas Riachuelo √© t√£o minha cara,mds queria tanto comprar tudooo	Negativo
@ricardogouveia3 @joselitojunior1 riachuelo tem dono babacao, entao pode ser a renner	Neutro
Eu era retardado, quando era menorz√£o me escondia nas roupa da Riachuelo e minha m√£e ficava me procurando em choque kkkkkk	Neutro
ja vai dar 13h e eu estou chegando em Riachuelo huuuummmmm que del√≠cia hein	Negativo
Riachuelo vendendo umas c√≥pias de t√™nis da balenciaga	Neutro
@GaudTorquato ... @flaviogr ..Fl√°vio Rocha apoiar Bolsonaro?? ... Ser√° que ele teria coragem de convidar o Bolsonar‚Ä¶ https://t.co/rUSBt4G6SY	Neutro
minha opini√£o sobre o Sweetener: as Lojas Americanas, Riachuelo, C&amp;A e etc  ganharam um √≥timo compilado de m√∫sica a‚Ä¶ https://t.co/NkMuilW8Dt	Positivo
Roupas que vc pode comprar na Riachuelo por 40 reais. https://t.co/aRnrNAClih	Positivo
Fui na Riachuelo comprar umas roupinhas pra ir no show amanh√£ üòù	Neutro
@claudioedantas @flaviogr @jairbolsonaro @reinaldoazevedo  ... Ser√° que ele teria coragem de convidar o Bolsonaro p‚Ä¶ https://t.co/30AgaQyJwE	Neutro
Rua Riachuelo, em Piracicaba, ficar√° parcialmente interditada para obras https://t.co/3vULP77QlR	Neutro
@awaitdawnrise Oi, Agallocha. Lamentamos seu descontentamento. Voc√™ pode entrar em contato com nossa Central de Ate‚Ä¶ https://t.co/sjH9Jul2Dr	Positivo
RT @brancomendes25: Riachuelo se reergueu n√© ? S√≥ roupa linda nessa cole√ß√£o üò≥üò≥	Positivo
Riachuelo se reergueu n√© ? S√≥ roupa linda nessa cole√ß√£o üò≥üò≥	Positivo
@infictionn ih eu procuro e sempre acho coisas mais baratas no outro dia teve varias promo√ßoes na riachuelo td baratinho fiquei üòç	Negativo
fazer compras pelo site da Riachuelo √© uma bosta mesmo meu Deus	Negativo
ainda n√£o acredito na coragem da riachuelo de lan√ßar uma cole√ß√£o igual da balenciaga	Neutro
RT @oianalu_: Saudade riachuelo	Positivo
Volta riachuelo, l√° era tudo mais f√°cil	Positivo
Saudade riachuelo	Positivo
"IAI RIACHUELO
s√≥ n reclamo pois frete gratis"	Negativo
@zezedellu a Riachuelo tamb√©m t√° vendendo do Balenciaga ksdkjdksdk	Neutro
mandei curr√≠culos pra Riachuelo e pra C&amp;A, s√≥ queria um emprego pra pelo menos pagar as minhas brusinhas	Negativo
"Eu entro em loja e os vendedores me manipulam pra eu fazer cart√£o
Eu to saindo do shopping com cart√£o riachuelo e a‚Ä¶ https://t.co/QvSUWjSFzK"	Neutro
Para Paulo Farroco, CIO da Riachuelo, inovar no setor √© uma quest√£o de sobreviv√™ncia, garantir a perenidade e a lon‚Ä¶ https://t.co/GclprX57W0	Neutro
@flopdani @ChegaDeLucas Ol√°, Gowon! Tudo bem? N√≥s respeitamos a diversidade e seguimos de acordo com nossos valores‚Ä¶ https://t.co/MZugMs2VKz	Negativo
e a riachuelo q lan√ßo uma cole√ß√£o de tenis copiando a balenciaga kkkkkkkkkkkkkkkkkkkkkkkkkk	Neutro
Descolado, com pegada esportiva e ultra confort√°vel. T√™nis-desejo do momento, o Chunky √© a tend√™ncia fashion que n√£‚Ä¶ https://t.co/2QOSgQa6xQ	Negativo
Maldito dia que aceitei fazer um cartao da riachuelo	Neutro
@VeryDificil @btrzfontenele Gente, lembrei que ganhei ingresso pra ver pe√ßa no riachuelo hj	Neutro
RT @tovibrano: odeio qnd entro na loja da riachuelo e as sacolas come√ßam a rir https://t.co/89KSWeTfXL	Positivo
A PLAYLIST DA RIACHUELO √â UM CD DE ARIANA GRANDE MEU DEUS	Positivo
@riachuelo O dono apoia o @jairbolsonaro , ent√£o passarei a comprar nela.. #BolsonaroPresidente Privil√©gios n√£o. Mi‚Ä¶ https://t.co/WUdTPl5tI1	Neutro
Quem me v√™ de cal√ßa, camiseta e bota o tempo todo n√£o sabe que meu sonho √© me vestir que nem essa asi√°tica pro rest‚Ä¶ https://t.co/4fOufTMH01	Positivo
@flopdani @riachuelo afffffffffffffff_____ todas as marcas de roupa acessiveis me mataste	Neutro
Quem tiver a oportunidade de ir √† pe√ßa da Elza, pfvr, fa√ßa-o. At√© 30/set no Teatro Riachuelo [(antigo cinema Pal√°ci‚Ä¶ https://t.co/UNSO9jSVpC	Positivo
comprei brusinhas da @riachuelo segunda-feira pelo site e hoje j√° chegaram &lt;3_&lt;3	Neutro
Acho q preciso de um cinto novo. Onde se inscreve pra ganhar um recebidos? @Lojas_Renner @riachuelo @Ferracini24h https://t.co/pyDrBjovBr	Neutro
Lojas Riachuelo contrata Supervisores para Grande Vit√≥ria https://t.co/KpN5UqBUvW	Neutro
@joaoamoedonovo O Fl√°vio Rocha dono da Riachuelo sei que ele desistiu, o Datena n√£o Manteve a candidatura, mas todo‚Ä¶ https://t.co/Nee1zTA9fs	Neutro
@joaoamoedonovo Jo√£o independente da pol√©mica acho muito interessante a sua hist√≥ria que bom que a pol√≠tica est√° tr‚Ä¶ https://t.co/lwT90K2SjW	Neutro
Colis√£o envolvendo dois ve√≠culos de passeio na rua Lagarto / rua Riachuelo. Agentes de tr√¢nsito no local. https://t.co/GNGf7Xs4IY	Positivo
"RT @ENygmatyko: @riachuelo Qualquer empresa em que o dono seja a favor de #EuVotoBolsonaro17 , merece ser divulgada.

√ìtima loja @riachuelo‚Ä¶"	Neutro
Ai como eu amo voc√™s!! #melifriends #meliraiz #melilovers  #meli #muchlove #saudadesdoposto #oldschool #mandae‚Ä¶ https://t.co/sJWvFhURkr	Neutro
Est√°gio em Ensino M√©dio ou T√©cnico em Administra√ß√£o ‚Äì R$ 500,00 ‚Äì Riachuelo ‚Äì 5 vagas  https://t.co/lcr1IkYATD	Negativo
Ap√≥s a¬†Riachuelo¬†sofrer¬†boicote da comunidade LGBT, por seu presidente declarar apoio a bancada evang√©lica e liga√ß√µ‚Ä¶ https://t.co/BXt33HNKyk	Neutro
RT @acmneto_: Uma das avenidas + tradicionais e hist√≥ricas de Salvador agora tamb√©m passar√° a ser uma das + acess√≠veis, sustent√°veis e mode‚Ä¶	Neutro
"Bom dia. Para hoje  teremos:
Linguica com guariroba.
Linguica com cheiro verde.
Linguica com mandioca e a tradicion‚Ä¶ https://t.co/JMXBXv5KPk"	Positivo
um monte de gt falando q n√£o sabe o que √© patronus na internet mas todo mundo saindo com blusinha do harry potter da riachuelo	Neutro
@david_krapp @jailane1001010 @matheushqmendes @motadouglas Foi a mesma hist√≥ria com o dono da Riachuelo. No final e‚Ä¶ https://t.co/RV5oFzACp3	Neutro
RT @Marcelo96875909: @ReginnaSampaio @LeiSecaRJ @EnqueteRJ2018 Ao q parece, j√° li relatos q d√£o conta de tiros na regi√£o do Rocha e do Riac‚Ä¶	Neutro
@ReginnaSampaio @LeiSecaRJ @EnqueteRJ2018 Ao q parece, j√° li relatos q d√£o conta de tiros na regi√£o do Rocha e do R‚Ä¶ https://t.co/nuaAIo8pva	Neutro
Tem um helic√≥ptero passando aqui toda hora ele t√° todo apagado, t√¥ at√© com medo, imposs√≠vel dormir devido ao barulh‚Ä¶ https://t.co/EiwqxCelvB	Negativo
RT @geovanna_deip: Sacanagem ter trocado a senha do Wi-Fi do riachuelo	Negativo
Riachuelo lan√ßou a moda primavera de t√™nis deles e eu lembrei pq eu odeio essa loja	Negativo
To cansada de usar meu salario pra pagar faculdade, ingl√™s, carro, seguro do carro, Marisa, Riachuelo, Renner, cart‚Ä¶ https://t.co/FZQLloUOFu	Negativo
Sacanagem ter trocado a senha do Wi-Fi do riachuelo	Neutro
@biaiotti Riachuelo t√° com um monte de remarca√ß√£o, at√© de sapatoooo	Neutro
"RT @PatoCorporation: ‚ÄúTira a Dilma q os investimentos voltam no dia seguinte‚Äù

Fl√°vio Rocha, dono da Riachuelo, r√©u por coa√ß√£o e inj√∫ria co‚Ä¶"	Positivo
@gacarlin__ s√≥ se for no cart√£o riachuelo n√© nom	Positivo
@l_arisss A vista no cart√£o riachuelo	Positivo
bebendo agua na minha garrafa da lufa lufa q comprei na riachuelo	Negativo
Todo dia um cara comparando o t√™nis da Riachuelo c o da Balenciaga, os dois s√£o feios aaa chega esse grupo do Facebook j√° foi melhor	Neutro
‚ÄúO que mais impressionou foi quando perguntamos como poder√≠amos ajudar com a campanha‚Äù, relatou Bomfim. ‚ÄúEle disse:‚Ä¶ https://t.co/B58eUb6gCj	Neutro
Pronto! Her√≥ j√° se colocou em defesa das empresas de Fl√°vio Rocha, dono da Riachuelo. Kkkk #DebateBandRN	Neutro
Estuda onde? ‚Äî Riachuelo https://t.co/p4EZpuwFA5	Positivo
minha meta de vida nesse momento √© comprar a brusinha que vi na riachuelo	Neutro
Gente quem pr√© fabricou essas falas desse brenno? Uma mistura do prefake de sampa, um pouco de amoedo e do dono da‚Ä¶ https://t.co/4RSTn43NQc	Neutro
Fui assistir ao musical da Elza Soares no Teatro Riachuelo e chorei em p√∫blico pela primeira vez em quase 10 anos	Neutro
RT @meioemensagem: Netflix testa novas fontes de receita com licenciamentos: em parceria com marcas como Riachuelo, Hasbro e Funko, a plata‚Ä¶	Positivo
"boderline: sucesso na riachuelo 

nota: 5"	Negativo
"RT @twittzendo: enem 2018: qual loja demora mais a fila? 

a. americanas
b. c&amp;a 
c. riachuelo
d. todas as alternativas 

resposta: letra d"	Positivo
na moral   eu soh qro um cart√£o da riachuelo	Neutro
@claricve pelo menos n√£o derrubo sorvete td vez q vou na riachuelo	Negativo
gritos que a a riachuelo vez vers√µes de todos os t√™nis que t√£o na moda	Neutro
Mano o Dalmonte √© o professor mais fofo de todo riachuelo	Positivo
Fico olhando essas propagandas da Riachuelo e fico querendo comprar tudoüÜòüÜò	Neutro
Encontrei a Ana hoje e impressionante como ela consegue me colocar pra cima mesmo nos meus piores dias... Fomos no‚Ä¶ https://t.co/3fwEKdCWvp	Neutro
@lala_macario Eita como a cal√ßa ficou linda em voc√™! Ficamos felizes em poder auxiliar. Qualquer d√∫vida estamos a disposi√ß√£o. üòç	Neutro
Netflix testa novas fontes de receita com licenciamentos: em parceria com marcas como Riachuelo, Hasbro e Funko, a‚Ä¶ https://t.co/Sf6rn2Hx1R	Neutro
Eu diria que a Casa Azul da Riachuelo √© o resumo da Porto Alegre atual: poderia ser linda e dar orgulho se estivess‚Ä¶ https://t.co/YbQkI77OCK	Positivo
Comprei uma bermudinha linda do M√°rio Bros na riachuelo e um blus√£o branco que eu queria e meu chinelo da Fila ..to tranquila	Neutro
"E fico pensando se fosse eu ia ser tipo ""comprei o item mais barato da Marisa, pernambucanas, americanas e Riachuelo""kkkkkk"	Neutro
Turma Senac Agente Higiene e Beleza Animal - Confraterniza√ß√£o niver N√≠vea em Centro Polit√©cnico Senac Riachuelo https://t.co/8B5jUc7y9o	Negativo
fui fazer um cart√£o na riachuelo p minha irm√£ no meu nome dai o cara perguntou se eu trabalho e eu somente fingi qu‚Ä¶ https://t.co/j4nJDRQ9n1	Neutro
Turma Senac Agente Higiene e Beleza Animal - Confraterniza√ß√£o niver N√≠vea em Centro Polit√©cnico Senac Riachuelo https://t.co/zP9ld0rtEV	Positivo
A luz e espelho do provador da riachuelo n√£o me intimidou hoje. Temos um avan√ßo üëèüèªüëèüèªüëèüèª	Positivo
Aaaaaa q sdds das poc da Riachuelo :(	Positivo
@greywwind Aaaaaa o meu tamb√©m, tava procurando esses dias mesmo kkk na riachuelo tem	Neutro
N to nem um pouco acostumada com os shoppings chiques de SP, fui mo perguntar aonde tinha riachuelo pro seguran√ßa e‚Ä¶ https://t.co/cyU3zYnSey	Neutro
@usemdrugs @weycarlos_ Ent talvez um Riachuelo saia na hora, pq se n me engano √© master n√©	Positivo
@DANIZZADA j√° t√° caro :/ na riachuelo e na renner uma calcinha ou um suti√£ t√° de 60 reais. 120 num biquini de loja‚Ä¶ https://t.co/xoVDisQ5vq	Neutro
Acabou de publicar uma foto em Teatro Riachuelo Rio https://t.co/bllEP8J4CB	Negativo
RT @VEJA: A√ß√µes da Riachuelo disparam ap√≥s ren√∫ncia de pai de Fl√°vio Rocha https://t.co/x8lRo142k1	Negativo
RT @feliperosadn: Com 12 semanas j√° perguntam pro feto se ele tem cart√£o Riachuelo	Positivo
fiz uma conta no site da riachuelo hehehe	Positivo
Meus irm√£os s√£o muito modelos da Riachuelo https://t.co/FqSw9WNzHd	Positivo
@_anaasus kkkkkkkkklkkkkk lembra de riachuelo? a√≠ mt bom sddss	Positivo
Essas m√∫sicas da Renner, C&amp;A, Riachuelo... n√£o sei se dan√ßo ou malho.	Negativo
O POVO   TBM QUER IMPUGNA√áAO DA CANDIDATURA  DE BOLSONARO   GOLPISTA  E BOICOTE  AS EMPRESAS  RIACHUELO E CENTAURO‚Ä¶ https://t.co/eJ0UicOmBx	Positivo
Com a nossa a Khrystal Saraiva em mais uma noite do Musical Elza. ‚Äî em Teatro Riachuelo Rio https://t.co/UXVg6n0x7B	Positivo
Amanh√£ ou s√°bado vou na riachuelo larga um rel√≥gio nesse meu pulso ü§∑üèΩ‚Äç‚ôÄÔ∏è	Neutro
"RT @howlljenkins: ""nao compro na riachuelo pq o dono √© babaca √© importante fazer nossa parte""
Isso
Pq o dono de mais nenhuma loja √© babaca,‚Ä¶"	Neutro
S√≥ boyzera! #OsBoyPira #AxMinaGrita #Rolezinho #Adoro #Boy #Floripa #Jivago #EikeLindaLinda #VibesETal #Riachuelo‚Ä¶ https://t.co/oLhtoSnry5	Positivo
Onde tu compra as tuas roupas? Tu √© estilosa demais (e muito linda)!! ‚Äî aaaa que bom ouvir isso üôÜüèª‚Äç‚ôÄÔ∏èüíú eu compro na‚Ä¶ https://t.co/Y6eRFdkLhf	Negativo
a luz do provador da riachuelo eh mto mentirosa pq eu fico feia la	Neutro
"Voltei na riachuelo pra ver se tinha esquecido l√° e nada tbm. Ou seja, deixei ela no √¥nibus...
Semana passada foi a‚Ä¶ https://t.co/tUAwxhhsxT"	Neutro
Na Riachuelo, derrubei uns cases de √≥culos e fez o maior barulho na loja. Wev fingiu at√© que n√£o  me conhecia kkkk‚Ä¶ https://t.co/NR50FnM94P	Neutro
ormel mais uma vez pagando mico criando tag sobre o exo e as sete faturas da riachuelo ngm aguenta mais essas pacif‚Ä¶ https://t.co/au8HsgCZPr	Neutro
"√â PEDIR DEMAIS? 
Teatro Riachuelo    25/08

21:00    Z√© neto e Cristiano 
22:30   Jorge e Mateus 
23:00   Henrique‚Ä¶ https://t.co/KdskpiheYS"	Neutro
@dudaxvier Ai os 3 pa√≠ses se juntaram, formaram a tr√≠plice p poder lutar contra solano que foi derrotado em riachuelo	Neutro
@felipeneto Inclusive, esgotou o show do Lucas no Teatro Riachuelo, em Natal.	Positivo
tem um t√™nis mt lindo na riachuelo pode p√° que eu vou comprar	Positivo
@larimanoela @riachuelo Mininaa linda so	Neutro
"gnt acabei de ter esse di√°logo com o homem da Riachuelo
""quer uma sacola?""
""n√£o obrigada""
""fica a vontade ent√£o""
""v‚Ä¶ https://t.co/lqMM2N5UUs"	Positivo
RT @riachuelo: Pe√ßas com pegada esportiva para curtir a pr√≥xima esta√ß√£o a partir de R$ 19,90. Confira na #Riachuelo! https://t.co/f9lOnePN0Y	Positivo
a luz do provador da riachuelo eh mto mentirosa pq eu fico bonita la	Positivo
Muitas meninas perguntam onde comprei minha saia que fui no baile do Jean. comprei na riachuelo	Positivo
em quais lojinhas tu costuma comprar suas roupas? ‚Äî na riachuelo ou renner de poa https://t.co/DTwOFHLaQc	Neutro
To no Shopping Com Ingressos Da #SemCompromisso enfrente a Riachuelo brota	Neutro
"Se tivesse um teste do buzzfeed ""se vc fosse uma marca em qual candidato vc votaria"" teria a op√ß√£o:

Eu tirei: ""ria‚Ä¶ https://t.co/C3zX8sF9xt"	Neutro
Passou a Riachuelo https://t.co/CIdC0iKEzv	Neutro
Lindo amanhecer do alto da Serra da Formiga (RIACHUELO - RN) https://t.co/bg7VsmwPnr via @YouTube	Neutro
Netflix testa novas fontes de receita com licenciamentos: em parceria com marcas como Riachuelo, Hasbro e Funko, a‚Ä¶ https://t.co/5ygmb0EKJf	Neutro
Em pauta a Casa Azul da Riachuelo!!!	Negativo
e a Riachuelo que agr ta vendendo Balenciagakkkkkkkkkkkkk	Neutro
primeiro ano no riachuelo ? ‚Äî n, oitavo kkkkkkkkkkkkkkk k.o mas nao √© meu primeiro ano la nao https://t.co/oltGae6sXV	Neutro
CIDADE NEGRA EM NATAL TEATRO RIACHUELO NATAL/RN -JOHNNY B. GOODE https://t.co/KroqR3ylsU via @YouTube	Negativo
Riachuelo lan√ßando t√™nis modelo Balenciaga kkkkkk n√£o	Positivo
@ismorenoo Renner e Riachuelo amiga	Neutro
Vou ou n√£o at√© o riachuelo procura o mega eis a quest√£o	Positivo
RT @eitamandinha: Militontos dizem que v√£o boicotar Centauro e Riachuelo, mas podem come√ßar a fazer greve de fome tamb√©m pq 90% dos produto‚Ä¶	Neutro
@FHC Ah t√°. Eu achei que era o Huck. E o cara da Riachuelo. E depois o Doria. N√£o sobrou mais ningu√©m mesmo n√©, teve que ser o Alckmin	Neutro
@JooiLuz tem: o da riachuelo, o da renner e o da dafiti. juntando todos eles temos o megazord do lag	Neutro
@ZehFrazao Julieta Venegas quando veio lotou o Teatro Riachuelo e ela nem √© t√£o conhecida por aqui. Acho que j√° tem‚Ä¶ https://t.co/ilQWrUSiZ2	Neutro
Riachuelo j√° ganhou alguma coisa?	Neutro
√â U RIACHUELO OU NAO √â? ‚Äî √â UU RIACHUELO https://t.co/JxxKGlrcGt	Neutro
Tem uma senhora aqui tentando fazer um RioCard trincado funcionar. Desde a rua Riachuelo, e j√° estamos chegando em Botafogo /o\	Positivo
hehehe ganhei um cart√£o de presente da riachuelo	Positivo
@isamarch_ Tenho da Riachuelo	Negativo
Com 12 semanas j√° perguntam pro feto se ele tem cart√£o Riachuelo	Neutro
"@RostDesiree @riachuelo entra na loja quando perguntarem se quer fazer o cart√£o diz ""sim"" eu n√£o sei o q acontece d‚Ä¶ https://t.co/EK67sK7SBW"	Neutro
Encontrei o Enzo no shopping, da√≠ a gnt s√≥ ia d√° uma passadinha na Riachuelo s√≥ pra olhar umas camisas ... Do nada‚Ä¶ https://t.co/0lJtNVEzhf	Neutro
Mano tu tava andando de bike ontem nos corredor do Riachuelo ne, eu fiquei loco pela tua bunda aiii ‚Äî kkkkkkk era e‚Ä¶ https://t.co/96XitqKcz1	Positivo
Welington disse q t√° vindo aq p gente ir na Riachuelo comprar as coisinhas p Heitor que falta e cad√™ essa praga?	Neutro
@lullops √â #1 no Teatro Riachuelo e no Po√ßo de Sant'Anna	Positivo
Oi @riachuelo gostaria de fazer meu cart√£o (√© s√©rio)	Neutro
@sensepaIvin eh na riachuelo de caxias	Positivo
Mano me deixa muito pistola que na riachuelo s√≥ tem blusa bonita de personagens no geral na se√ß√£o masculina!! Carai‚Ä¶ https://t.co/xU4L4S1keW	Neutro
Eu passo em frente de dois shoppings e nenhum deles tem Riachuelo, agora vou ter q ir l√° no outro s√≥ pra pagar essa‚Ä¶ https://t.co/BMht0SRE56	Negativo
@LipeStsa Eu com a Riachuelo.  ODEIO!	Neutro
As flores, o sol, o frescor e todo o mood leve e gostoso da Primavera foram traduzidos em pe√ßas incr√≠veis para voc√™‚Ä¶ https://t.co/BJOZFKbO7K	Neutro
Para come√ßar a esta√ß√£o com frescor: combine tend√™ncias queridinhas com o conforto dos looks da nova cole√ß√£o‚Ä¶ https://t.co/Rbug7eiSSN	Neutro
@guchapal Estamos te seguindo. Por gentileza, pode tentar novamente?	Neutro
@riachuelo estou tentando mandar dm pra voc√™s, mas n√£o estou conseguindo	Positivo
Achei roup√£o na Riachuelo por 50 reais! Perfect!!! https://t.co/xI5P7NbrfA	Neutro
@ZLuizGoncalves1 @riachuelo Para Z√© de entrar no embalo do meu feedback! üòíüòí	Negativo
@riachuelo Por favor fa√ßam deste modelo tamanho maiores, estou aqui com meu amigo a mais de 40 minutos e toda hora‚Ä¶ https://t.co/zsh8cL4qgt	Neutro
@guchapal Queremos te ajudar, Gustavo. Por gentileza, relate este caso por DM. Aguardamos seu retorno.	Positivo
@newyearxday eu fui em uma, s√≥ roupa feia e o pre√ßo nada baixo, riachuelo √© bem melhor	Negativo
@reryylopes @riachuelo 43 tamb√©m!!!! Nunca pedi nada!!!	Positivo
Riachuelo est√° com umas roupas maneiras	Neutro
Netflix testa novas fontes de receita com licenciamentos: em parceria com marcas como Riachuelo, Hasbro e Funko, a‚Ä¶ https://t.co/9KiD6ijBQ6	Positivo
O recebido de hoje foi da riachuelo mas a tristeza continua a mesma	Neutro
@reryylopes Agradecemos a sua mensagem, Rerison. Sua opini√£o √© importante e ser√° encaminhada para o departamento respons√°vel.	Negativo
@riachuelo existe alguma maneira de eu pagar minha √∫ltima parcela e encerrar o meu cart√£o com voc√™s?	Neutro
@riachuelo amigos, atendentes de voc√™s l√° do Rio Grande do Norte, insistem em me ligar oferecendo o cart√£o com chip‚Ä¶ https://t.co/65IZ30a0ND	Negativo
Al√¥ @riachuelo por favor, vamos colocar sapatos e t√™nis com n√∫meros maiores, sei que seu p√∫blico n√£o √© esse, mas n√£‚Ä¶ https://t.co/Sig6T314c4	Neutro
Que o #grupoabril perca tudo o que mere√ßa perder por ter tra√≠do o pa√≠s em nome da ganancia e canalhice travestida d‚Ä¶ https://t.co/NSkLYQxyh8	Negativo
As roupa da riachuelo n√£o ficam bonitas n√©?! Incr√≠vel	Positivo
riachuelo para de postar coisas novas de stranger things eu quero comprar tudo mas nao tenho dinheiro, crise	Neutro
Para quem nunca viu uma #corrida de #submarino üíß, olha que show ! üëèüëè em Submarino Riachuelo-Marinha Do Brasil https://t.co/0ECKtPzV9d	Neutro
"Bora l√° F√©llas..
Aquela aula m√°ster de Kizomba no N√∫cleo Renata Pe√ßanha / 18h

Rua Riachuelo 109 centro"	Neutro
"""nao compro na riachuelo pq o dono √© babaca √© importante fazer nossa parte""
Isso
Pq o dono de mais nenhuma loja √© b‚Ä¶ https://t.co/j8pkyFI3of"	Neutro
A Riachuelo tamb√©m est√° confirmada na Brasil Game Show! Saiba mais aqui! https://t.co/L6kNXiltmU	Negativo
Comprei a jardineira mais linda da @riachuelo ela chegou toda linda quando fui vesti n√£o serviu kkkkkkkk rindo de nervoso mesmo	Negativo
ainda bem que Riachuelo n√£o existe em Pinheiros	Negativo
RT @LaiBastos_: M√£ezinha pq me tiraste do teu ventre para sofrer por falta de dinheiro. Deste-me a vida para ser pobre e parcelar as roupas‚Ä¶	Negativo
M√£ezinha pq me tiraste do teu ventre para sofrer por falta de dinheiro. Deste-me a vida para ser pobre e parcelar a‚Ä¶ https://t.co/gAvwxvo8zr	Positivo
@ana_tochaa MANA EU TB TINHA KKKKKKKKKK COMPRAVA NA RIACHUELO	Positivo
"chegar na loja e n√£o querer sair mais pq t√° tocando todas as m√∫sicas do the weeknd
eu hoje na Riachuelo"	Neutro
@araujo7isabela Cascadura nao mona Riachuelo   tu senta longe a be√ßa de mim  üòÇ	Positivo
A√ß√µes da Riachuelo disparam ap√≥s ren√∫ncia de pai de Fl√°vio Rocha https://t.co/mc2LGoDSXn #not√≠cias #Economia https://t.co/FnH3xO9MTg	Positivo
Preferia estar na riachuelo	Negativo
kkkk a riachuelo faz uns tenis igualzinho balenciaga por 1 decimo do pre√ßo chega ser piada	Positivo
A√ß√µes da Riachuelo disparam ap√≥s ren√∫ncia de pai de Fl√°vio Rocha https://t.co/x8lRo142k1	Positivo
@victorfalcao8 Exatamente. Come√ßo vendo um e me perco. √â tipo minha m√£e quando entra na Riachuelo	Neutro
"@AmandaErbesfeld porra perdi ela de vista 
olhei a riachuelo de cabo a rabo e n achei"	Negativo
"E a riachuelo que ta lan√ßando uma cole√ß√£o de t√™nis no estilo da Balenciaga
Quer copiar, copia coisa bonita poha"	Positivo
@darosasissi @lxcarvalho luana compra na riachuelo e na zara pprt	Positivo
@AmandaErbesfeld eu mesma me apaixonando pela menina da riachuelo	Neutro
"O lote promocional do Sambinha da Lapa com Alcione esgota AMANH√É!
.
Compre seu ingresso antes do aumento no‚Ä¶ https://t.co/fh5vZe8HNk"	Positivo
por falar em st eu n conseguir comprar as camisas deles q tavam vendendo na riachuelo	Positivo
"menina q trabalha na riachuelo do Norte shopping com t√™nis vans preto, tatuagem no bra√ßo, piercing no septo, morena com cabel√£o 
me liga"	Positivo
E eu q fico lindo com os drop da havan e da riachuelo https://t.co/VGJYIkgpAB	Neutro
@biahhsiqueira √© atras da riachuelo, eles furam direitinho	Neutro
"Hj foi o dia em que quase comi as brancas da eco de porrada
""Nao pois eu POSSO escolher nao comprar na zara e assim‚Ä¶ https://t.co/DJsMQbGmvo"	Neutro
@Daniele__santos @riachuelo J√° pode me d√° üòçüòç	Neutro
@meioemensagem pena se associar a riachuelo mas a proposta fascista da netiflix com a serie sobre a desfarsajato cu‚Ä¶ https://t.co/HghdXp9V0u	Positivo
Cal√ßa Riachuelo, tenis novo...	Neutro
"RT @BruceBarbosa88: GUAR ‚Äì Linda. E entrando na moda

O Sr. Nevaldo Rocha, fundador e manda-chuva-mor, da Guararapes (GUAR3) anunciou sua s‚Ä¶"	Neutro
@mikellesm Ol√°! Por gentileza, pode nos esclarecer melhor o que aconteceu por DM? https://t.co/WkSPZLZ6PG	Negativo
A Riachuelo √© mesmo muito engra√ßada, pra te oferecer cart√£o tem 5 pessoas na entrada te abordando, pra resolver os‚Ä¶ https://t.co/qVuzHqBJUc	Neutro
Netflix testa novas fontes de receita com licenciamentos: em parceria com marcas como Riachuelo, Hasbro e Funko, a‚Ä¶ https://t.co/hu7SXv1hyT	Positivo
Passei na Riachuelo comprei umas roupas pro lorenzo ir pro col√©gio , pq n vou coloca as roupas dele	Positivo
RT @Steffany_Payne: Amo mto quando vou na riachuelo comprar roupa,se eu pudesse eu morava l√°	Positivo
Amo mto quando vou na riachuelo comprar roupa,se eu pudesse eu morava l√°	Neutro
COMEMORA√á√ÉO - BATALHA NAVAL DO RIACHUELO - 8¬∫DN https://t.co/vV0JE1ZEpR via @wordpressdotcom	Neutro
toda vez q eu venho ao shoppng √© a mema merda. eu quero ir pra renner e acabo indo pro lado da riachuelo pq meu cer‚Ä¶ https://t.co/hdntPLCk1B	Positivo
@riachuelo Obrigada, @riachuelo !!! üòç https://t.co/RYn3223d5W	Neutro
@ElizeuLeoelizeu @riachuelo T√° achando o queeee?!	Negativo
@pedrobuffay a marisa lan√ßou igual tbm por 90 ou 120 reais o da riachuelo ta 190 parece	Negativo
"A atendente virtual da Riachuelo:
""Sua fatura est√° atrasada, voc√™ consegue paga-la em 5 dias?""
""Sim""
""N√£o entendi,‚Ä¶ https://t.co/O0jzzAtkYP"	Positivo
50% da minha galeria √© foto minha no quartel e os outros 50% √© foto minha no provador da riachuelo	Negativo
De gente ignorante j√° basta aqueles clientes na riachuelo üôÑ	Neutro
Mas o cara vai com camisa de time, merece mesmo. Caras, camisa social da Garbo custa menos de 200 reais e gera mais‚Ä¶ https://t.co/BVXIImGM4U	Positivo
T√¥ indo l√° no Riachuelo üò¥	Negativo
com 11 semanas o feto j√° pode fazer o cart√£o riachuelo	Neutro
#suporte üíª (at @Riachuelo in Goi√¢nia, GO) https://t.co/lFyXndKb0V	Neutro
Boy tinha uma atriz da globo hoje la na fabrica que vai se apresentar acho que no teatro riachuelo eu nem vi quem era	Negativo
Oq q adianta a riachuelo me dar 20% de desc. SE EXCLUI OS PERFUMES OQ Q ADIANTA	Positivo
"@riachuelo Qualquer empresa em que o dono seja a favor de #EuVotoBolsonaro17 , merece ser divulgada.

√ìtima loja @riachuelo ."	Positivo
@LisboaHevellin @colfoinath Eu tamb√©m n√£o ligo pra esse neg√≥cio de marca, s√≥ quero saber se eu gostei ou n√£o, amo a‚Ä¶ https://t.co/NxmOHcmUct	Neutro
Vais com essa roupa de novo? Mana se a tua roupa √© descart√°vel a minha n√£o √© maninha pelo contr√°rio s√£o de extrema‚Ä¶ https://t.co/XsO78BlN6p	Positivo
eu quero muito um bb üò™ hoje quase morri vendo um all star vermelho pra nenem na riachuelo	Neutro
@darioalmeida Ol√°! Voc√™ pode nos contar melhor o que houve e informar o n√∫mero de seu pedido por DM? Ficamos no aguardo.	Positivo
"@1cotinha Na @riachuelo tem umas bonitas 
Ei @riachuelo me patrocina"	Positivo
as vers√µes l e f vieram mesmo pra quem gosta de um primavera ver√£o riachuelo eu falei	Negativo
@riachuelo Fiz uma compra pela internet para retirar na loja. Uma pena que o atendimento na loja foi horroroso e n√£‚Ä¶ https://t.co/M7HjZIbsIP	Neutro
ok parece q meu dia come√ßou 1hr em riachuelo sem fazer nadaüñïüèΩüëçüèΩ	Neutro
Deixei uma presta√ß√£o da Riachuelo pra pagar no banco do meu carro mas to com medo do pessoal arrombar meu carro e p‚Ä¶ https://t.co/EMAH9auKqe	Positivo
se voc√™ tivesse 1000 reais e pudesse gastar como quisesse, por que seria naquele tapete branco da riachuelo? ‚Äî JKSJ‚Ä¶ https://t.co/7Ni0yMyN5V	Neutro
"‚ÄúTira a Dilma q os investimentos voltam no dia seguinte‚Äù

Fl√°vio Rocha, dono da Riachuelo, r√©u por coa√ß√£o e inj√∫ria‚Ä¶ https://t.co/JNuxfRcIAA"	Neutro
meninas, parem de usar roupa do homem do meu lado pfv, estou aqui na Riachuelo agora em saber qual √© a sess√£o masculina e qual √© a feminina	Negativo
E comigo a Riachuelo ligando falando que a fatura do cart√£o t√° atrasada... https://t.co/hgZCvZRmCV	Neutro
@SaraBodowsky Ah tem um italiano excelente tbm na Riachuelo. O nome √© Atelier das Massas. Esses eu recomendoüòÄ	Negativo
@manoelasoarees ontem eu atendendo os outros a blusa abrindo, comprou na riachuelo?	Neutro
@expectoanaize Ol√°, Anaize. Pode nos informar por DM o seu telefone e o n√∫mero que est√° te ligando?	Neutro
"#PolemicaDoDia o ver√£o, cad√™?
Sabemos que ainda faltam alguns meses para o ver√£o, mas a nossa cabe√ßa j√° est√° l√°, n√©‚Ä¶ https://t.co/hYyQDWELOM"	Neutro
@anacronices Vem c√°? Em Cuba tem centauro, ou Riachuelo? Acho que n√£o. Mas no Brasil tem e on certeza voc√™s j√° comp‚Ä¶ https://t.co/hcDzRIOObs	Negativo
Oi, @riachuelo, voc√™s passam o dia inteiro me ligando querendo falar com uma tal de Bruna por meio de uma grava√ß√£o‚Ä¶ https://t.co/2cFXh3sRPp	Neutro
"a professora perguntando se a gente quer o clima da sala igual domingos martins ai vira a maricona e fala 
quero o‚Ä¶ https://t.co/uGk4EssiBG"	Neutro
RT @opiatres6: fala ai meu riachuelo triple s	Neutro
Vagas p/ L√≠der de Eletr√¥nicos (Telefonia) - Belo Horizonte - Lojas Riachuelo - Belo Horizonte/MG - https://t.co/IlNAIORgn3	Neutro
@thalitajeo @achocolatada5 eu vi uma promo de roupinha de bebe na riachuelo	Neutro
fala ai meu riachuelo triple s	Neutro
20 dias indo pro senac da Riachuelo, senhor me de estruturas.	Neutro
"GUAR ‚Äì Linda. E entrando na moda

O Sr. Nevaldo Rocha, fundador e manda-chuva-mor, da Guararapes (GUAR3) anunciou s‚Ä¶ https://t.co/Z1zud1YRAr"	Neutro
Netflix testa novas fontes de receita com licenciamentos: em parceria com marcas como Riachuelo, Hasbro e Funko, a‚Ä¶ https://t.co/h1RolWiVSQ	Neutro
Uma das avenidas + tradicionais e hist√≥ricas de Salvador agora tamb√©m passar√° a ser uma das + acess√≠veis, sustent√°v‚Ä¶ https://t.co/nQZCJSwWUA	Neutro
"Olha que legal! 

O nosso monitor, Tio Sab√£o, entretendo as crian√ßas antes da grava√ß√£o do comercial para o dia das‚Ä¶ https://t.co/qHPL0oqG1k"	Neutro
@peradoguama27 A partir de segunda feira. A nossa Sede Central fica na rua Riachuelo atr√°s da loja Taco da Presidente Vargas no com√©rcio.	Positivo
